{
  "status_code": "200",
  "status_message": "success",
  "category_type": "Best",
  "data": [
    {
      "id": "1",
      "game_name": "Om Nom Run",
      "game_image": "https://bhai-tari-bhali-thay.000webhostapp.com/Winzo-New-Games-Images/OmNomRunTeaser.jpg",
      "game_link": "https://games.cdn.famobi.com/html5games/o/om-nom-run/v1140/?fg_domain=play.famobi.com&fg_aid=A1000-1&fg_uid=abe80572-560a-444d-baf7-2fa4a7b2c02f&fg_pid=4638e320-4444-4514-81c4-d80a8c662371&fg_beat=226&original_ref=https%3A%2F%2Fhtml5games.com%2F"
    },
    {
      "id": "2",
      "game_name": "Bubble Tower 3D",
      "game_image": "https://bhai-tari-bhali-thay.000webhostapp.com/Winzo-New-Games-Images/BubbleTower3dTeaser.jpg",
      "game_link": "https://games.cdn.famobi.com/html5games/b/bubble-tower-3d/v050/?fg_domain=play.famobi.com&fg_aid=A1000-1&fg_uid=1385d98a-b5f2-4339-bce7-b99a8dd2e8b0&fg_pid=4638e320-4444-4514-81c4-d80a8c662371&fg_beat=231&original_ref=https%3A%2F%2Fhtml5games.com%2F"
    },
    {
      "id": "3",
      "game_name": "Cannon Balls 3D",
      "game_image": "https://bhai-tari-bhali-thay.000webhostapp.com/Winzo-New-Games-Images/CannonBalls3dTeaser.jpg",
      "game_link": "https://games.cdn.famobi.com/html5games/c/cannon-balls-3d/v190/?fg_domain=play.famobi.com&fg_aid=A1000-1&fg_uid=3ffa11c2-61da-4974-892b-473582253371&fg_pid=4638e320-4444-4514-81c4-d80a8c662371&fg_beat=236&original_ref=https%3A%2F%2Fhtml5games.com%2F"
    },
    {
      "id": "4",
      "game_name": "Tower Crash 3D",
      "game_image": "https://bhai-tari-bhali-thay.000webhostapp.com/Winzo-New-Games-Images/TowerCrash3dTeaser.jpg",
      "game_link": "https://games.cdn.famobi.com/html5games/t/tower-crash-3d/v290/?fg_domain=play.famobi.com&fg_aid=A1000-1&fg_uid=68a7c06e-ec27-4fa4-99a5-a5e9702ac4ef&fg_pid=4638e320-4444-4514-81c4-d80a8c662371&fg_beat=236&original_ref=https%3A%2F%2Fhtml5games.com%2F"
    },
    {
      "id": "5",
      "game_name": "Element Blocks",
      "game_image": "https://bhai-tari-bhali-thay.000webhostapp.com/Winzo-New-Games-Images/ElementBlocksTeaser.jpg",
      "game_link": "https://games.cdn.famobi.com/html5games/e/element-blocks/v290/?fg_domain=play.famobi.com&fg_aid=A1000-1&fg_uid=8c70b6c7-5792-4c40-b891-496eef2fb5ed&fg_pid=4638e320-4444-4514-81c4-d80a8c662371&fg_beat=236&original_ref=https%3A%2F%2Fhtml5games.com%2F"
    },
    {
      "id": "6",
      "game_name": "Zoo Boom",
      "game_image": "https://bhai-tari-bhali-thay.000webhostapp.com/Winzo-New-Games-Images/ElementBlocksTeaser.jpg",
      "game_link": "https://games.cdn.famobi.com/html5games/z/zoo-boom/v2040/?fg_domain=play.famobi.com&fg_aid=A1000-1&fg_uid=5e772ebe-9e0a-4cd3-adcf-bba662f35535&fg_pid=4638e320-4444-4514-81c4-d80a8c662371&fg_beat=237&original_ref=https%3A%2F%2Fhtml5games.com%2F"
    },
    {
      "id": "7",
      "game_name": "Moto X3M Pool Party",
      "game_image": "https://bhai-tari-bhali-thay.000webhostapp.com/Winzo-New-Games-Images/MotoX3mPoolPartyTeaser.jpg",
      "game_link": "https://games.cdn.famobi.com/html5games/m/moto-x3m-pool-party/v080/?fg_domain=play.famobi.com&fg_aid=A1000-1&fg_uid=b2102250-eb51-4704-9cab-ff296491cc68&fg_pid=4638e320-4444-4514-81c4-d80a8c662371&fg_beat=238&original_ref=https%3A%2F%2Fhtml5games.com%2F"
    },
    {
      "id": "8",
      "game_name": "Bubble Woods",
      "game_image": "https://bhai-tari-bhali-thay.000webhostapp.com/Winzo-New-Games-Images/BubbleWoodsTeaser.jpg",
      "game_link": "https://games.cdn.famobi.com/html5games/b/bubble-woods/v550/?fg_domain=play.famobi.com&fg_aid=A1000-1&fg_uid=53159388-d515-45e5-b65a-56d21c595405&fg_pid=4638e320-4444-4514-81c4-d80a8c662371&fg_beat=239&original_ref=https%3A%2F%2Fhtml5games.com%2F"
    },
    {
      "id": "9",
      "game_name": "3D Free Kick",
      "game_image": "https://bhai-tari-bhali-thay.000webhostapp.com/Winzo-New-Games-Images/3dFreeKickTeaser.jpg",
      "game_link": "https://games.cdn.famobi.com/html5games/0/3d-free-kick/v080/?fg_domain=play.famobi.com&fg_aid=A1000-1&fg_uid=2ee096ab-4cd7-4f9a-baa9-f58a54413c47&fg_pid=4638e320-4444-4514-81c4-d80a8c662371&fg_beat=242&original_ref=https%3A%2F%2Fhtml5games.com%2F"
    },
    {
      "id": "10",
      "game_name": "8 Ball Billiards Classic",
      "game_image": "https://bhai-tari-bhali-thay.000webhostapp.com/Winzo-New-Games-Images/8BallBilliardsClassicTeaser.jpg",
      "game_link": "https://games.cdn.famobi.com/html5games/0/8-ball-billiards-classic/v250/?fg_domain=play.famobi.com&fg_aid=A1000-1&fg_uid=82038e98-d4e1-46dd-8de9-1460d1395eab&fg_pid=4638e320-4444-4514-81c4-d80a8c662371&fg_beat=239&original_ref=https%3A%2F%2Fhtml5games.com%2F"
    },
    {
      "id": "11",
      "game_name": "Archery World Tour",
      "game_image": "https://bhai-tari-bhali-thay.000webhostapp.com/Winzo-New-Games-Images/ArcheryWorldTourTeaser.jpg",
      "game_link": "https://games.cdn.famobi.com/html5games/a/archery-world-tour/v460/?fg_domain=play.famobi.com&fg_aid=A1000-1&fg_uid=ebcb987a-3fd0-4b4a-bae6-f456fff9cac3&fg_pid=4638e320-4444-4514-81c4-d80a8c662371&fg_beat=243&original_ref=https%3A%2F%2Fhtml5games.com%2F"
    },
    {
      "id": "12",
      "game_name": "Totemia: Cursed Marbles",
      "game_image": "https://bhai-tari-bhali-thay.000webhostapp.com/Winzo-New-Games-Images/TotemiaCursedMarblesTeaser.jpg",
      "game_link": "https://games.cdn.famobi.com/html5games/t/totemia-cursed-marbles/v230/?fg_domain=play.famobi.com&fg_aid=A1000-1&fg_uid=ca588700-4790-46f1-82a2-cef934fd368a&fg_pid=4638e320-4444-4514-81c4-d80a8c662371&fg_beat=244&original_ref=https%3A%2F%2Fhtml5games.com%2F"
    },
    {
      "id": "13",
      "game_name": "Table Tennis World Tour",
      "game_image": "https://bhai-tari-bhali-thay.000webhostapp.com/Winzo-New-Games-Images/TableTennis_WorldTour_Teaser.jpg",
      "game_link": "https://games.cdn.famobi.com/html5games/t/table-tennis-world-tour/v370/?fg_domain=play.famobi.com&fg_aid=A1000-1&fg_uid=8c8e5fc6-7e38-47ab-96eb-150276e79ef8&fg_pid=4638e320-4444-4514-81c4-d80a8c662371&fg_beat=244&original_ref=https%3A%2F%2Fhtml5games.com%2F"
    },
    {
      "id": "14",
      "game_name": "Solitaire Klondike",
      "game_image": "https://bhai-tari-bhali-thay.000webhostapp.com/Winzo-New-Games-Images/SolitaireKlondikeTeaser.jpg",
      "game_link": "https://games.cdn.famobi.com/html5games/s/solitaire-klondike/v480/?fg_domain=play.famobi.com&fg_aid=A1000-1&fg_uid=5b597140-77c2-4f7c-9abf-4f149d6dcbac&fg_pid=4638e320-4444-4514-81c4-d80a8c662371&fg_beat=242&original_ref=https%3A%2F%2Fhtml5games.com%2F"
    },
    {
      "id": "15",
      "game_name": "Onet Connect Classic",
      "game_image": "https://bhai-tari-bhali-thay.000webhostapp.com/Winzo-New-Games-Images/OnetConnectClassicTeaser.jpg",
      "game_link": "https://games.cdn.famobi.com/html5games/o/onet-connect-classic/v380/?fg_domain=play.famobi.com&fg_aid=A1000-1&fg_uid=d6173a60-1b41-4b34-b4c3-aa4c5fc9ce35&fg_pid=4638e320-4444-4514-81c4-d80a8c662371&fg_beat=243&original_ref=https%3A%2F%2Fhtml5games.com%2F"
    },
    {
      "id": "16",
      "game_name": "Diamond Rush",
      "game_image": "https://bhai-tari-bhali-thay.000webhostapp.com/Winzo-New-Games-Images/DiamondRushTeaser.jpg",
      "game_link": "https://games.cdn.famobi.com/html5games/d/diamond-rush/v140/?fg_domain=play.famobi.com&fg_aid=A1000-1&fg_uid=395b0746-6d0e-4ec8-b11c-18cab8009214&fg_pid=4638e320-4444-4514-81c4-d80a8c662371&fg_beat=240&original_ref=https%3A%2F%2Fhtml5games.com%2F"
    },
    {
      "id": "17",
      "game_name": "Truck Trials",
      "game_image": "https://bhai-tari-bhali-thay.000webhostapp.com/Winzo-New-Games-Images/TruckTrialsTeaser.jpg",
      "game_link": "https://games.cdn.famobi.com/html5games/t/truck-trials/v510/?fg_domain=play.famobi.com&fg_aid=A1000-1&fg_uid=e56b8aaa-86e9-4d9f-9ea1-3822a3021716&fg_pid=4638e320-4444-4514-81c4-d80a8c662371&fg_beat=244&original_ref=https%3A%2F%2Fhtml5games.com%2F"
    },
    {
      "id": "18",
      "game_name": "Endless Truck",
      "game_image": "https://bhai-tari-bhali-thay.000webhostapp.com/Winzo-New-Games-Images/EndlessTruckTeaser.jpg",
      "game_link": "https://games.cdn.famobi.com/html5games/e/endless-truck/v540/?fg_domain=play.famobi.com&fg_aid=A1000-1&fg_uid=a5ff2552-bbd9-4aff-9bcc-ec056478318d&fg_pid=4638e320-4444-4514-81c4-d80a8c662371&fg_beat=243&original_ref=https%3A%2F%2Fhtml5games.com%2F"
    },
    {
      "id": "19",
      "game_name": "Candy Bubble",
      "game_image": "https://bhai-tari-bhali-thay.000webhostapp.com/Winzo-New-Games-Images/CandyBubble_Teaser.jpg",
      "game_link": "https://games.cdn.famobi.com/html5games/c/candy-bubble/v780/?fg_domain=play.famobi.com&fg_aid=A1000-1&fg_uid=c5e12171-a07f-4335-bd2a-8b7e4c3aa8ad&fg_pid=4638e320-4444-4514-81c4-d80a8c662371&fg_beat=244&original_ref=https%3A%2F%2Fhtml5games.com%2F"
    },
    {
      "id": "20",
      "game_name": "Gold Mine",
      "game_image": "https://bhai-tari-bhali-thay.000webhostapp.com/Winzo-New-Games-Images/GoldMineTeaser.jpg",
      "game_link": "https://games.cdn.famobi.com/html5games/g/gold-mine/v200/?fg_domain=play.famobi.com&fg_aid=A1000-1&fg_uid=b358f423-2ad1-4f9b-b81f-6118ee9778a9&fg_pid=4638e320-4444-4514-81c4-d80a8c662371&fg_beat=243&original_ref=https%3A%2F%2Fhtml5games.com%2F"
    }
  ]
}
