{
  "status_code": "200",
  "status_message": "success",
  "category_type": "Puzzle",
  "data": [
    {
      "id": "1",
      "game_name": "Om Nom Bubbles",
      "game_image": "https://bhai-tari-bhali-thay.000webhostapp.com/Winzo-New-Games-Images/OmNomBubblesTeaser.jpg",
      "game_link": "https://games.cdn.famobi.com/html5games/o/om-nom-bubbles/v030/?fg_domain=play.famobi.com&fg_aid=A1000-1&fg_uid=04a8baa6-e3ad-43e7-8b35-b274552d5890&fg_pid=4638e320-4444-4514-81c4-d80a8c662371&fg_beat=594&original_ref=https%3A%2F%2Fhtml5games.com%2F"
    },
    {
      "id": "2",
      "game_name": "Fuzzies",
      "game_image": "https://bhai-tari-bhali-thay.000webhostapp.com/Winzo-New-Games-Images/FuzziesTeaser.jpg",
      "game_link": "https://games.cdn.famobi.com/html5games/f/fuzzies/v130/?fg_domain=play.famobi.com&fg_aid=A1000-1&fg_uid=664712c7-d01a-494a-bddf-4ea78f48e5bb&fg_pid=4638e320-4444-4514-81c4-d80a8c662371&fg_beat=594&original_ref=https%3A%2F%2Fhtml5games.com%2F"
    },
    {
      "id": "3",
      "game_name": "Smarty Bubbles 2",
      "game_image": "https://bhai-tari-bhali-thay.000webhostapp.com/Winzo-New-Games-Images/SmartyBubbles2Teaser.jpg",
      "game_link": "https://games.cdn.famobi.com/html5games/s/smarty-bubbles-2/v200/?fg_domain=play.famobi.com&fg_aid=A1000-1&fg_uid=22d86193-c681-45c4-9f4d-8d5aab731603&fg_pid=4638e320-4444-4514-81c4-d80a8c662371&fg_beat=590&original_ref=https%3A%2F%2Fhtml5games.com%2F"
    },
    {
      "id": "4",
      "game_name": "Bubble Woods",
      "game_image": "https://bhai-tari-bhali-thay.000webhostapp.com/Winzo-New-Games-Images/BubbleWoodsTeaser.jpg",
      "game_link": "https://games.cdn.famobi.com/html5games/b/bubble-woods/v540/?fg_domain=play.famobi.com&fg_aid=A1000-1&fg_uid=53159388-d515-45e5-b65a-56d21c595405&fg_pid=4638e320-4444-4514-81c4-d80a8c662371&fg_beat=591&original_ref=https%3A%2F%2Fhtml5games.com%2F"
    },
    {
      "id": "5",
      "game_name": "Candy Bubble",
      "game_image": "https://bhai-tari-bhali-thay.000webhostapp.com/Winzo-New-Games-Images/CandyBubble_Teaser.jpg",
      "game_link": "https://games.cdn.famobi.com/html5games/c/candy-bubble/v780/?fg_domain=play.famobi.com&fg_aid=A1000-1&fg_uid=c5e12171-a07f-4335-bd2a-8b7e4c3aa8ad&fg_pid=4638e320-4444-4514-81c4-d80a8c662371&fg_beat=594&original_ref=https%3A%2F%2Fhtml5games.com%2F"
    },
    {
      "id": "6",
      "game_name": "Bubble Spirit",
      "game_image": "https://bhai-tari-bhali-thay.000webhostapp.com/Winzo-New-Games-Images/BubbleSpirit_Teaser.jpg",
      "game_link": "https://games.cdn.famobi.com/html5games/b/bubble-spirit/v150/?fg_domain=play.famobi.com&fg_aid=A1000-1&fg_uid=b72a0942-e488-4545-ab1e-888d74ce3b19&fg_pid=4638e320-4444-4514-81c4-d80a8c662371&fg_beat=594&original_ref=https%3A%2F%2Fhtml5games.com%2F"
    },
    {
      "id": "7",
      "game_name": "Kitty Bubbles",
      "game_image": "https://bhai-tari-bhali-thay.000webhostapp.com/Winzo-New-Games-Images/KittyBubblesTeaser.jpg",
      "game_link": "https://games.cdn.famobi.com/html5games/k/kitty-bubbles/v100/?fg_domain=play.famobi.com&fg_aid=A1000-1&fg_uid=ce40aa96-6736-4225-a3e6-e8e6e21f96fc&fg_pid=4638e320-4444-4514-81c4-d80a8c662371&fg_beat=594&original_ref=https%3A%2F%2Fhtml5games.com%2F"
    },
    {
      "id": "8",
      "game_name": "Sea Bubble Shooter",
      "game_image": "https://bhai-tari-bhali-thay.000webhostapp.com/Winzo-New-Games-Images/SeaBubbleShooterTeaser.jpg",
      "game_link": "https://games.cdn.famobi.com/html5games/s/sea-bubble-shooter/v100/?fg_domain=play.famobi.com&fg_aid=A1000-1&fg_uid=cc020dab-0caa-4461-9b88-cd8f70f03797&fg_pid=4638e320-4444-4514-81c4-d80a8c662371&fg_beat=594&original_ref=https%3A%2F%2Fhtml5games.com%2F"
    },
    {
      "id": "9",
      "game_name": "Soccer Bubbles",
      "game_image": "https://bhai-tari-bhali-thay.000webhostapp.com/Winzo-New-Games-Images/SoccerBubblesTeaser.jpg",
      "game_link": "https://games.cdn.famobi.com/html5games/s/soccer-bubbles/v060/?fg_domain=play.famobi.com&fg_aid=A1000-1&fg_uid=6e9e317b-46f0-4518-98c1-f6acd22fca30&fg_pid=4638e320-4444-4514-81c4-d80a8c662371&fg_beat=593&original_ref=https%3A%2F%2Fhtml5games.com%2F"
    },
    {
      "id": "10",
      "game_name": "Bubble Gems",
      "game_image": "https://bhai-tari-bhali-thay.000webhostapp.com/Winzo-New-Games-Images/BubbleGemsTeaser.jpg",
      "game_link": "https://games.cdn.famobi.com/html5games/b/bubble-gems/v120/?fg_domain=play.famobi.com&fg_aid=A1000-1&fg_uid=91bbbd3c-e74f-46ef-a484-f4c908fabf78&fg_pid=4638e320-4444-4514-81c4-d80a8c662371&fg_beat=594&original_ref=https%3A%2F%2Fhtml5games.com%2F"
    },
    {
      "id": "11",
      "game_name": "Bubbles Shooter",
      "game_image": "https://bhai-tari-bhali-thay.000webhostapp.com/Winzo-New-Games-Images/BubblesShooterTeaser.jpg",
      "game_link": "https://games.cdn.famobi.com/html5games/b/bubbles-shooter/11-2be95/?fg_domain=play.famobi.com&fg_aid=A1000-1&fg_uid=2851855c-432c-4b79-be04-e1b1e0d23899&fg_pid=4638e320-4444-4514-81c4-d80a8c662371&fg_beat=594&original_ref=https%3A%2F%2Fhtml5games.com%2F"
    },
    {
      "id": "12",
      "game_name": "Bubble Hamsters",
      "game_image": "https://bhai-tari-bhali-thay.000webhostapp.com/Winzo-New-Games-Images/BubbleHamstersTeaser.jpg",
      "game_link": "https://games.cdn.famobi.com/html5games/b/bubble-hamsters/5-1bbcb7/?fg_domain=play.famobi.com&fg_aid=A1000-1&fg_uid=20332b94-e8f0-4643-8bb4-32039d44ae9a&fg_pid=4638e320-4444-4514-81c4-d80a8c662371&fg_beat=594&original_ref=https%3A%2F%2Fhtml5games.com%2F"
    },
    {
      "id": "13",
      "game_name": "Smarty Bubbles X-MAS Edition",
      "game_image": "https://bhai-tari-bhali-thay.000webhostapp.com/Winzo-New-Games-Images/SmartyBubblesXmasTeaser.jpg",
      "game_link": "https://games.cdn.famobi.com/html5games/s/smarty-bubbles-xmas/v030/?fg_domain=play.famobi.com&fg_aid=A1000-1&fg_uid=eadc3ac4-476e-4285-842e-75d8f3053120&fg_pid=4638e320-4444-4514-81c4-d80a8c662371&fg_beat=594&original_ref=https%3A%2F%2Fhtml5games.com%2F"
    },
    {
      "id": "14",
      "game_name": "Orange Ranch",
      "game_image": "https://bhai-tari-bhali-thay.000webhostapp.com/Winzo-New-Games-Images/OrangeRanchTeaser.jpg",
      "game_link": "https://games.cdn.famobi.com/html5games/o/orange-ranch/v020/?fg_domain=play.famobi.com&fg_aid=A1000-1&fg_uid=466dadc2-b2aa-48db-aa81-10a8f9b2ac0f&fg_pid=4638e320-4444-4514-81c4-d80a8c662371&fg_beat=594&original_ref=https%3A%2F%2Fhtml5games.com%2F"
    },
    {
      "id": "15",
      "game_name": "Orange Bubbles",
      "game_image": "https://bhai-tari-bhali-thay.000webhostapp.com/Winzo-New-Games-Images/OrangeBubblesTeaser.jpg",
      "game_link": "https://games.cdn.famobi.com/html5games/o/orange-bubbles/v1/?fg_domain=play.famobi.com&fg_aid=A1000-1&fg_uid=9531d789-e13e-4fcc-a41b-7c63392c8803&fg_pid=4638e320-4444-4514-81c4-d80a8c662371&fg_beat=592&original_ref=https%3A%2F%2Fhtml5games.com%2F"
    },
    {
      "id": "16",
      "game_name": "Smarty Bubbles",
      "game_image": "https://bhai-tari-bhali-thay.000webhostapp.com/Winzo-New-Games-Images/SmartyBubbles2Teaser.jpg",
      "game_link": "https://games.cdn.famobi.com/html5games/s/smarty-bubbles/v410/?fg_domain=play.famobi.com&fg_aid=A1000-1&fg_uid=d8f24956-dc91-4902-9096-a46cb1353b6f&fg_pid=4638e320-4444-4514-81c4-d80a8c662371&fg_beat=594&original_ref=https%3A%2F%2Fhtml5games.com%2F"
    }
  ]
}
