{
  "status_code": "200",
  "status_message": "success",
  "category_type":"Girls",
  "data": [
    {
      "id": "1",
      "game_name": "Pop It! Duel",
      "game_image": "https://bhai-tari-bhali-thay.000webhostapp.com/Winzo-New-Games-Images/PopIt3dTeaser.jpg",
      "game_link": "https://games.cdn.famobi.com/html5games/p/pop-it-duel/v080/?fg_domain=play.famobi.com&fg_aid=A1000-1&fg_uid=b6ac31c4-6f0a-420c-b01e-e8721e5a0d8d&fg_pid=4638e320-4444-4514-81c4-d80a8c662371&fg_beat=450&original_ref=https%3A%2F%2Fhtml5games.com%2F"
    },
    {
      "id": "2",
      "game_name": "Pop It! 3D",
      "game_image": "https://bhai-tari-bhali-thay.000webhostapp.com/Winzo-New-Games-Images/PopIt3dTeaser.jpg",
      "game_link": "https://games.cdn.famobi.com/html5games/p/pop-it-3d/v050/?fg_domain=play.famobi.com&fg_aid=A1000-1&fg_uid=021206dd-fbc0-443a-ad46-815955968f85&fg_pid=4638e320-4444-4514-81c4-d80a8c662371&fg_beat=451&original_ref=https%3A%2F%2Fhtml5games.com%2F"
    },
    {
      "id": "3",
      "game_name": "Emergency Surgery",
      "game_image": "https://bhai-tari-bhali-thay.000webhostapp.com/Winzo-New-Games-Images/EmergencySurgeryTeaser.jpg",
      "game_link": "https://games.cdn.famobi.com/html5games/e/emergency-surgery/v070/?fg_domain=play.famobi.com&fg_aid=A1000-1&fg_uid=acee1042-e95f-4559-b56d-d876d11e99ee&fg_pid=4638e320-4444-4514-81c4-d80a8c662371&fg_beat=451&original_ref=https%3A%2F%2Fhtml5games.com%2F"
    },
    {
      "id": "4",
      "game_name": "Kawaii Chibi Creator",
      "game_image": "https://bhai-tari-bhali-thay.000webhostapp.com/Winzo-New-Games-Images/KawaiiChibiCreator_Teaser.jpg",
      "game_link": "https://games.cdn.famobi.com/html5games/k/kawaii-chibi-creator/v090/?fg_domain=play.famobi.com&fg_aid=A1000-1&fg_uid=8f591e93-0b3b-4bd2-bf32-6905b6df9271&fg_pid=4638e320-4444-4514-81c4-d80a8c662371&fg_beat=452&original_ref=https%3A%2F%2Fhtml5games.com%2F"
    },
    {
      "id": "5",
      "game_name": "Baby Lily Birthday",
      "game_image": "https://bhai-tari-bhali-thay.000webhostapp.com/Winzo-New-Games-Images/BabyLilyBirthday_Teaser.jpg",
      "game_link": "https://games.cdn.famobi.com/html5games/b/baby-lily-birthday/v070/?fg_domain=play.famobi.com&fg_aid=A1000-1&fg_uid=9b7c423a-10b7-40a4-8ffa-ebba665d38b4&fg_pid=4638e320-4444-4514-81c4-d80a8c662371&fg_beat=453&original_ref=https%3A%2F%2Fhtml5games.com%2F"
    },
    {
      "id": "6",
      "game_name": "Baby Lily Care",
      "game_image": "https://bhai-tari-bhali-thay.000webhostapp.com/Winzo-New-Games-Images/BabyLilyCare_Teaser.jpg",
      "game_link": "https://games.cdn.famobi.com/html5games/b/baby-lily-birthday/v070/?fg_domain=play.famobi.com&fg_aid=A1000-1&fg_uid=9b7c423a-10b7-40a4-8ffa-ebba665d38b4&fg_pid=4638e320-4444-4514-81c4-d80a8c662371&fg_beat=453&original_ref=https%3A%2F%2Fhtml5games.com%2F"
    }
  ]
}
