{
  "status_code": "200",
  "status_message": "success",
  "category_type": "Quiz",
  "data": [
    {
      "id": "1",
      "game_name": "7 Words",
      "game_image": "https://bhai-tari-bhali-thay.000webhostapp.com/Winzo-New-Games-Images/7WordsTeaser.jpg",
      "game_link": "https://games.cdn.famobi.com/html5games/0/7-words/v130/?fg_domain=play.famobi.com&fg_aid=A1000-1&fg_uid=fe28ef90-9fd8-4642-b663-45b784ecab42&fg_pid=4638e320-4444-4514-81c4-d80a8c662371&fg_beat=526&original_ref=https%3A%2F%2Fhtml5games.com%2F"
    },
    {
      "id": "2",
      "game_name": "Alien Quest",
      "game_image": "https://bhai-tari-bhali-thay.000webhostapp.com/Winzo-New-Games-Images/AlienQuestTeaser.jpg",
      "game_link": "https://games.cdn.famobi.com/html5games/a/alien-quest/v090/?fg_domain=play.famobi.com&fg_aid=A1000-1&fg_uid=50b07152-9275-4d44-aae5-fb20c553ffe4&fg_pid=4638e320-4444-4514-81c4-d80a8c662371&fg_beat=526&original_ref=https%3A%2F%2Fhtml5games.com%2F"
    },
    {
      "id": "3",
      "game_name": "Sweet Hangman",
      "game_image": "https://bhai-tari-bhali-thay.000webhostapp.com/Winzo-New-Games-Images/SweetHangmanTeaser.jpg",
      "game_link": "https://games.cdn.famobi.com/html5games/s/sweet-hangman/v070/?fg_domain=play.famobi.com&fg_aid=A1000-1&fg_uid=aa85b89b-8a1a-4af2-9f1d-774821215eb4&fg_pid=4638e320-4444-4514-81c4-d80a8c662371&fg_beat=526&original_ref=https%3A%2F%2Fhtml5games.com%2F"
    },
    {
      "id": "4",
      "game_name": "Geo Quiz - Europe",
      "game_image": "https://bhai-tari-bhali-thay.000webhostapp.com/Winzo-New-Games-Images/GeoQuizEuropeTeaser.jpg",
      "game_link": "https://games.cdn.famobi.com/html5games/g/geo-quiz-europe/v080/?fg_domain=play.famobi.com&fg_aid=A1000-1&fg_uid=46693c28-fd3f-4bdf-85ee-f6b29bce4f6e&fg_pid=4638e320-4444-4514-81c4-d80a8c662371&fg_beat=523&original_ref=https%3A%2F%2Fhtml5games.com%2F"
    },
    {
      "id": "5",
      "game_name": "Animal Quiz",
      "game_image": "https://bhai-tari-bhali-thay.000webhostapp.com/Winzo-New-Games-Images/AnimalQuizChristmasTeaser.jpg",
      "game_link": "https://games.cdn.famobi.com/html5games/a/animal-quiz/v680/?fg_domain=play.famobi.com&fg_aid=A1000-1&fg_uid=a5db53c9-e8fe-47c5-aba3-8148d460a4f3&fg_pid=4638e320-4444-4514-81c4-d80a8c662371&fg_beat=533&original_ref=https%3A%2F%2Fhtml5games.com%2F"
    },
    {
      "id": "6",
      "game_name": "Fluffy Egg",
      "game_image": "https://bhai-tari-bhali-thay.000webhostapp.com/Winzo-New-Games-Images/FluffyEggTeaser.jpg",
      "game_link": "https://games.cdn.famobi.com/html5games/f/fluffy-egg/v3/?fg_domain=play.famobi.com&fg_aid=A1000-1&fg_uid=e56a7d82-1c07-4241-bab1-7ef17c8576ba&fg_pid=4638e320-4444-4514-81c4-d80a8c662371&fg_beat=533&original_ref=https%3A%2F%2Fhtml5games.com%2F"
    },
    {
      "id": "7",
      "game_name": "4x1 Picture Quiz",
      "game_image": "https://bhai-tari-bhali-thay.000webhostapp.com/Winzo-New-Games-Images/Wordguess4ImagesTeaser.jpg",
      "game_link": "https://games.cdn.famobi.com/html5games/w/wordguess-4images/v760/?fg_domain=play.famobi.com&fg_aid=A1000-1&fg_uid=9c80f030-8eb1-46a2-aa47-cdc56121cc6e&fg_pid=4638e320-4444-4514-81c4-d80a8c662371&fg_beat=539&original_ref=https%3A%2F%2Fhtml5games.com%2F"
    },
    {
      "id": "8",
      "game_name": "What Famous Cat Are You",
      "game_image": "https://bhai-tari-bhali-thay.000webhostapp.com/Winzo-New-Games-Images/WhatFamousCatAreYouTeaser.jpg",
      "game_link": "https://games.cdn.famobi.com/html5games/w/what-famous-cat-are-you/v4/?fg_domain=play.famobi.com&fg_aid=A1000-1&fg_uid=3198c369-ce8f-4aa2-8be6-9809ed80accf&fg_pid=4638e320-4444-4514-81c4-d80a8c662371&fg_beat=539&original_ref=https%3A%2F%2Fhtml5games.com%2F"
    },
    {
      "id": "9",
      "game_name": "Wordguess 2 Heavy",
      "game_image": "https://bhai-tari-bhali-thay.000webhostapp.com/Winzo-New-Games-Images/Wordguess2HeavyTeaser.jpg",
      "game_link": "https://games.cdn.famobi.com/html5games/w/wordguess-2-heavy/v090/?fg_domain=play.famobi.com&fg_aid=A1000-1&fg_uid=9c64e98b-2c03-4688-970c-ab422df888f2&fg_pid=4638e320-4444-4514-81c4-d80a8c662371&fg_beat=539&original_ref=https%3A%2F%2Fhtml5games.com%2F"
    },
    {
      "id": "10",
      "game_name": "Wordguess 2 Easy",
      "game_image": "https://bhai-tari-bhali-thay.000webhostapp.com/Winzo-New-Games-Images/Wordguess2EasyTeaser.jpg",
      "game_link": "https://games.cdn.famobi.com/html5games/w/wordguess-2-easy/v290/?fg_domain=play.famobi.com&fg_aid=A1000-1&fg_uid=78e953ac-d52a-4575-a2f0-10ce5ede514a&fg_pid=4638e320-4444-4514-81c4-d80a8c662371&fg_beat=539&original_ref=https%3A%2F%2Fhtml5games.com%2F"
    },
    {
      "id": "10",
      "game_name": "Quick Quiz",
      "game_image": "https://bhai-tari-bhali-thay.000webhostapp.com/Winzo-New-Games-Images/QuickQuizTeaser.jpg",
      "game_link": "https://games.cdn.famobi.com/html5games/q/quick-quiz/v060/?fg_domain=play.famobi.com&fg_aid=A1000-1&fg_uid=277f1bb4-ccce-47f7-8b23-bb74be3578fb&fg_pid=4638e320-4444-4514-81c4-d80a8c662371&fg_beat=539&original_ref=https%3A%2F%2Fhtml5games.com%2F"
    }
  ]
}
